archetype_id,archetype_name,disc_mix,content_type,subtype_tag,primary_motivation,underlying_fear,top_objection,secondary_objection,key_triggers_ids,recommended_opening_line,argument_stack_soft,argument_stack_medium,argument_stack_strong,social_proof_asset,roi_tco_hook,feature_priority_hint,next_best_question,follow_up_recommendation,emotional_valence_label,optimal_sequence_position,expected_momentum_effect,contextual_weight_hint,conversion_closure_phrase,market_scope,country,data_source_note
1,Green Pioneer Family,S+I,opening,eco_family,Obniżyć ślad CO2 i koszty paliwa,Technologia szybko się zestarzeje,"Jak długo baterie zachowają pełen zasięg?","Czy w górach znajdę ładowarkę?",env_benefit;range_anxiety,"Czy wyobrażają sobie Państwo wakacje bez spalin i tankowania?",NA,NA,NA,case_study_PL_rodzina_PV,"~350 PLN/mies. oszczędności","zasięg 500 km, PV-ready, aplikacja Tesla","Ile km miesięcznie pokonują Państwo wspólnie?","PDF kalkulator CO2/TCO rodzinny",curious,early,raise,2,"Podpiszmy, by kolejny wyjazd był już neutralny klimatycznie.",PL,NA,PSNM_Barometr_2024
1,Green Pioneer Family,S+I,feature_argument,sustainability,Maksymalne wykorzystanie zielonej energii,Koszt instalacji ładowarki domowej,"Czy PV + Tesla to skomplikowany projekt?","Czy gwarancja obejmie połączenie?",pv_interest;home_charging,"Wyobraźmy sobie garaż, w którym słońce ładuje auto za darmo.","WallConnector 11 kW ładuje nocą za ok. 18 zł.","PV obniża koszt 100 km do ~5 zł.","ROI PV+Wallbox 6-7 lat przy 20 tys. km/rok.",case_study_PVhome_Krynica,"100 km ≈5 zł z PV","WallConnector, SmartCharge, OTA","Czy rozważają Państwo montaż paneli?","Checklist instalacji 11 kW PDF",excited,mid,raise,2,"Wykorzystajmy darmową energię słońca w każdej podróży.",PL,NA,NFOŚiGW_Wallbox
1,Green Pioneer Family,S+I,objection_handling,battery_lifespan,Zachowanie wartości auta,Spadek pojemności baterii,"Bateria padnie po 8 latach i koszt wymiany zabije budżet.","Używane Tesle tracą na zasięgu.",battery_worry;resale_value,"Rozumiem obawę o żywotność ogniw, to częste pytanie.","Gwarancja 8 lat/160 000 km.","Średni spadek po 240 000 km tylko 12%.","Wymiana modułu <30% ceny nowej baterii; dostępne 6 serwisów HV.",ranking_reliability_EVbattery,"0,07 zł/km na 10 lat","BMS, OTA Battery Health","Ile km rocznie chcą Państwo przejeżdżać?","Raport degradacji Tesloop PL",anxious,mid,neutral,1,"Bateria będzie służyć dłużej niż większość silników spalinowych.",PL,NA,Tesloop_Study
1,Green Pioneer Family,S+I,trigger_response,gov_subsidy,Obniżyć cenę zakupu,Program może się zamknąć,"Czy dotacja NaszEauto wystarczy na Model Y?","Co, jeśli budżet programu się wyczerpie?",budget_dotacje;time_pressure,"Do końca miesiąca pula NaszEauto jest jeszcze otwarta.","Dotacja do 40 000 zł obniża cenę Model Y RWD do 164 990 zł.","Limit 225 000 zł netto kwalifikuje wersję RWD.","Rezerwujemy VIN, wniosek przechodzi w 48 h.",gov_announcement_2025_subsidy,"-40 tys. zł dziś","Model Y RWD, konfigurator gotowy","Zakup czy leasing będzie wygodniejszy?","Instrukcja wniosku NaszEauto PDF",hopeful,mid,raise,1,"Zabezpieczmy dotację, zanim pula się zamknie.",PL,NA,NaszEauto_2025
1,Green Pioneer Family,S+I,follow_up,tco_report,Pełen obraz wydatków,Niespodziewane koszty serwisu,"Serwis Tesli jest drogi i daleko.","Ubezpieczenie będzie wyższe.",maintenance_cost;tco_uncertainty,"Przesyłam kalkulator kosztów prąd vs paliwo.","Brak wymiany oleju; klocki zużywają się wolniej.","Przeglądy opcjonalne; średnio 400 zł/rok.","5-letni TCO niższy o ~18% vs SUV benz. 200 KM.",Excel_TCO_PL_SUV,"25 000 zł oszcz./5 lat","OTA diagnostyka, regen hamowanie","Który koszt w kalkulatorze zaskoczył najbardziej?","Umówienie video-call TCO",analytical,late,raise,1,"Kiedy przejdziemy przez kalkulator, decyzja staje się oczywista.",PL,NA,Dealer_TCO_Data
1,Green Pioneer Family,S+I,closing,family_commit,Finalna decyzja eko,Obawa przed zobowiązaniem,"Muszę omówić z rodziną.","Może poczekamy na tańszy model?",decision_delay;price_hunt,"Rozumiem, to ważna decyzja dla całej rodziny.","Oferta i dotacja ważne 7 dni.","Miesiąc zwłoki to 350 PLN utraconych oszczędności.","Rezerwacja VIN jest zwrotna—zero ryzyka.",feedback_rodzina_Tesla_pl,"1 rok zwrotu dopłaty","5* NCAP, Autopilot family","Czy mogę zarezerwować VIN na Państwa nazwisko?","Mail z rezerwacją i cennikiem",decisive,late,raise,2,"Kliknijmy „Zamów”, a zielona przyszłość stanie się faktem.",PL,NA,Sprzedawca_PL
2,Safety-First Parents,S+C,opening,safety_kids,Chronić dzieci w każdej podróży,Boją się pożaru akumulatora,"Czy elektryk jest bezpieczny przy kolizji?","Jak zachowuje się bateria zimą?",family_safety;fire_risk,"Czy wie Pan(i), że Tesla ma 5★ Euro NCAP i najniższe ryzyko pożaru w klasie?",NA,NA,NA,ranking_NCAP_5star,"Ubezp. AC bez zwyżki","bezpieczeństwo 5*, kamer 360°","Które systemy aktywnego wsparcia cenią Państwo najbardziej?","Video crash-test NCAP",anxious,early,raise,2,"Zacznijmy od oględzin stref bezpieczeństwa i wspólnego testu fotelików.",PL,NA,EuroNCAP_2024
2,Safety-First Parents,S+C,feature_argument,assist_family,Najlepsze systemy ADAS,Nadmierna wiara w elektronike,"Czy autopilot sam zareaguje na dziecko na drodze?","Co jeśli system się zawiesi?",tech_skeptic;child_safety,"Zróbmy szybki pokaz awaryjnego hamowania.","Radar+kamery reagują 0,1 s szybciej niż człowiek.","Frenado 0-100 km/h 34 m vs 39 m w segmencie.","OTA aktualizacje zwiększają skuteczność ADAS co kwartał.",demo_video_AEB,"+5 m krótsza droga hamowania","AEB, Pedestrian Alert, Sentry","Czy chcą Państwo przejechać odcinek testowy?",PDF ADAS update,curious,mid,raise,2,"Bezpieczniej już dziś, a z OTA coraz lepiej każdego roku.",PL,NA,ADAS_Test_PL
2,Safety-First Parents,S+C,objection_handling,fire_risk,Ochrona rodziny po wypadku,Obawa przed pożarem HV,"Słyszałem o płonących akumulatorach.","Strażacy podobno boją się EV.",fire_risk;media_noise,"Rozumiem nagłówki; przyjrzyjmy się liczbom.","EV pożary 11× rzadsze niż benzynowe wg PSP.","Bateria ma zawory odcinające i czujniki 24/7.","Tesla dostarcza straży instrukcje VR; czas gaszenia <7 min.",PSP_statystyka_2024,"11× mniej pożarów/100 000 aut","Battery Shield, wzmocniony floor","Czy mają Państwo gaśnicę w obecnym aucie?","Infografika PSP vs ICE",skeptical,mid,neutral,1,"Liczby pokazują: ryzyko jest realnie niższe niż w autach spalinowych.",PL,NA,PSP_raport
2,Safety-First Parents,S+C,trigger_response,snow_range,Stały zasięg zimą,Obawa o dojazd do dziadków,"Mróz skróci zasięg i utkniemy.","Ładowarki w Bieszczadach?",range_anxiety;cold_weather,"Prognoza  -10 °C? Sprawdźmy realny zasięg RWD.","Przy -10 °C Model Y RWD realnie 380 km (test AutoBild).","Pre-conditioning z aplikacji poprawia zakres o 12 %.","Supercharger Rzeszów: 250 kW, 10-80% w 27 min.",test_Autobild_Winter,"380 km zimą","pompa ciepła, preheat","Jak często pokonują trasę >300 km?",Mapa SC PL PDF,concerned,mid,raise,1,"Zaplanujmy trasę w aplikacji i dodajmy punkty ładowania na mapie rodziny.",PL,NA,AutoBild_2025
2,Safety-First Parents,S+C,follow_up,foteliki,Komfort dzieci,Brak miejsca na foteliki Isofix,"Czy trzy foteliki się zmieszczą?","Bagażnik pomieści wózek?",space_doubt;family_safety,"Przesyłam wideo z montażem 3×Isofix w Modelu Y.","Kanapa ma 138 cm; ISOFIX na skrajach i top tether środek.","Przestrzeń bagażnika 854 l + frunk 117 l.","Wózek 2-częściowy + walizki wchodzą bez składania siedzeń.",video_Isofix_test,"0 zł za dodatkowe klipy fotelikowe","kanapa szeroka, frunk","Czy chcą Państwo sprawdzić własny fotelik na pokazie?",Umówienie wizyty z fotelikiem,status-seeking,late,raise,1,"Gdy zobaczą Państwo, jak łatwo wchodzi wózek, decyzja będzie naturalna.",PL,NA,Dealer_Pomiar
2,Safety-First Parents,S+C,closing,safe_choice,Domknąć proces,Boją się błędu inwestycyjnego,"A jeśli konkurencja pokaże bezpieczniejszy model?","Możemy poczekać rok.",decision_delay;safety_rank,"Tesla od 3 lat nr 1 w Euro NCAP.","5* wynik 97% ochrona dorosłych.","Aktualizacje poprawiają ADAS bez wizyty w serwisie.","Gwarancja 8 lat na baterię i napęd – spokój na dekadę.",EuroNCAP_top,"0 koszt aktualizacji ADAS","5* NCAP, OTA Safety","Czy podpisujemy zamówienie dziś z opcją bezpłatnej rezygnacji 7 dni?","Mail potwierdzający gwarancje",secure,late,raise,2,"Zatwierdźmy zamówienie – to najbezpieczniejsza decyzja na lata.",PL,NA,NCAP_Rank_2025
3,Budget-Conscious Family,S,opening,price_focus,Zmniejszyć miesięczne raty,Nie stać ich na EV,"Cena startowa Tesli jest poza budżetem.","Serwis EV drogi?",price_concern;budget_dotacje,"Wie Pan(i), że po dotacji Model 3 RWD kosztuje 154 990 zł?",NA,NA,NA,gov_price_example,"-40 tys. zł dotacji","Model 3 RWD, kalkulator leasingu","Jaką ratę akceptują Państwo maksymalnie?","Kalkulator leasing G12W",frugal,early,raise,2,"Sprawdźmy wspólnie ratę – może miło zaskoczyć.",PL,NA,Elektryki_Cenowo_2025
3,Budget-Conscious Family,S,feature_argument,leasing_curve,Niskie koszty posiadania,Wysoka rata miesięczna,"Czy rata nie przekroczy 1000 zł?","Ukryte opłaty w leasingu?",financing_fear;hidden_fees,"Wspólnie przejdźmy przez symulator BOS.","Leasing 50/50 rata 987 zł przy 20% wpłacie.","Brak opłaty za przeglądy – oszczędność 1200 zł/rok.","G12W ładowanie nocne 0,49 zł/kWh – 100 km za 23 zł.",leasing_calc_demo,"987 zł rata","Model 3 RWD, OTA","Czy planują Państwo wykup czy zwrot pojazdu?","PDF Porównanie rat vs spalina",optimistic,mid,raise,2,"Ta rata mieści się w Państwa założeniach – podpiszmy wniosek online.",PL,NA,BOS_Sym_2025
3,Budget-Conscious Family,S,objection_handling,insurance,Obniżyć koszty ubezpieczenia,Strach przed drogim AC,"EV ubezpieczenie jest drogie.","Brak zniżek OC.",insurance_worry;budget_concern,"Sprawdźmy realną wycenę.","OC+AC Model 3 od 1800 zł/rok wg rankomat.","Niższa moc podatkowa = niższa akcyza 0 zł.","Brak filtra DPF = brak opłat emisji strefowych.",rankomat_quote,"1800 zł/rok OC+AC","Tesla Insurance PL coming soon","Czy mają Państwo zniżki 60% OC?","Zestawienie ofert PDF",skeptical,mid,neutral,1,"Ubezpieczenie nie podniesie raty ponad założony pułap.",PL,NA,Rankomat_2025
3,Budget-Conscious Family,S,trigger_response,fuel_savings,Oszczędność na paliwie,Brak natychmiastowej ulgi w budżecie,"Prąd też drożeje.","Kiedy realnie zacznę oszczędzać?",fuel_vs_energy;inflation,"Przeanalizujmy rachunki.","Benzyna 7 l/100 km → 48 PLN; prąd 18 PLN/100 km.","Przy 1500 km/mies. oszczędzasz 450 PLN.","Break-even raty vs paliwo w 34 mies.",fuel_calc_table,"450 PLN/mies.","eco-drive, regen ham","Ile km robicie Państwo tygodniowo?","TCO Excel gotowy",analytical,mid,raise,1,"Każdy kilometr na prądzie zostawia więcej w portfelu – zacznijmy liczyć od dziś.",PL,NA,Colina_Koszty
3,Budget-Conscious Family,S,follow_up,second_hand,Odporność na spadek wartości,Boją się straty przy odsprzedaży,"EV traci wartość szybciej?","Bateria odstraszy kupujących.",resale_value;depreciation,"Przesyłam raport Otomoto.","Model 3 3-letni utrata 32% vs 45% w klasie.","Aktualizacje OTA podnoszą wartość rynkową.","Gwarancja 8 lat transferowalna na kolejnego właściciela.",otomoto_2024,"-13 pp mniejsza utrata","OTA, gwarancja 8 lat","Która marka zachowała więcej wg raportu?",Link raport PDF,hopeful,late,raise,1,"Mniejsza utrata wartości to realny zysk przy wymianie auta.",PL,NA,Otomoto_Raport
3,Budget-Conscious Family,S,closing,budget_ok,Zamknięcie transakcji,Obawa przed zobowiązaniem,"Muszę sprawdzić kredyt.","Może ceny spadną jesienią.",credit_check;price_wait,"Oferta leasingu 0% prowizji wygasa w piątek.","Zamówienie online blokuje cenę na 30 dni.","Rezygnacja darmowa do odbioru.","Każdy miesiąc zwłoki kosztuje 450 PLN na stacji." ,promo_zero_prov,"-0 % prowizji do pt.","Rata 987 zł, brak przeglądów","Czy blokujemy cenę dzisiaj?",Mail z linkiem do zamówienia,frugal,late,raise,2,"Zablokujmy cenę teraz; decyzję kredytową mogą Państwo zmienić w każdej chwili.",PL,NA,Promocja_BOS
4,Tech Executive,D+C,opening,innovation,Być liderem innowacji w branży,Obawia się wizerunku gadżeciarza,"Czy Tesla to zabawka czy narzędzie?", "Czy firma pozwoli na EV?",status_seek;tech_curiosity,"Czy chciałby Pan mieć auto, które aktualizuje się szybciej niż smartfon?",NA,NA,NA,ceo_quote_linkedin,"OTA co 14 dni","FSD Beta, API Fleet","Jakie KPI wydajności są dla Pana kluczowe?",Whitepaper API,curious,early,raise,2,"Pokażmy, jak ta technologia pracuje dla Pana – nie odwrotnie.",PL,NA,LinkedIn_TechLeaders
4,Tech Executive,D+C,feature_argument,api_integration,Integracja z ekosystemem IT,Brak kontroli nad danymi,"Czy mogę pobierać dane surowe?","Co z prywatnością floty?",data_privacy;api_limits,"Tesla API udostępnia telemetrię w JSON.","Webhook 1 s delay do PowerBI.","ISO 27001 compliance na serwerach.","VPN opcja Enterprise.",api_doc_link,"0 zł API","API, Sentry, over-the-air","Które metryki mają trafić do dashboardu?",PDF API endpoints,excited,mid,raise,2,"Podłączmy demo – dane pojawią się w Pana tablicy w 5 min.",PL,NA,API_Docs_Tesla
4,Tech Executive,D+C,objection_handling,exec_time,Optymalizacja czasu CEO,Brak czasu na ładowanie,"Ładowanie to strata czasu.","Superchargery bywają zajęte.",time_cost;infra,"Planer trasy omija kolejki.","Ładujesz podczas lunchu – 25 min.","Peak-shaving: auto sugeruje sloty wolne.","10 kWh darmowej energii miesięcznie z referral.",case_cx_CEO,"25 min przerwy = 275 km","Supercharger V4, Scheduler","Czy dłuższe przerwy łączysz z callami?",PDF Time Audit,efficient,mid,neutral,1,"Ładowanie staje się przerwą na KPI, nie kosztem harmonogramu.",PL,NA,Planer_Trasy_Tesla
4,Tech Executive,D+C,trigger_response,fsd_upgrade,Pełne wykorzystanie FSD,Ostracyzm mediów,"FSD to beta i ryzyko PR.","Czy to legalne w PL?",fsd_controversy;legal,"FSD używany jako asystent, nie autopilot.","Poziom 2+ zgodny z EU, homologacja.","100 k km danych dziennie – sieć uczy się szybciej niż fleet OEM.","Upgrade OTA bez wizyty w serwisie.",fsd_stats,"+10 % wydajności floty","FSD, Navigate on AP","Czy test 24 h FSD byłby pomocny?","Link aktywacyjny Trial",ambitious,mid,raise,1,"Zróbmy 24 h test FSD – dane KPI zdecydują za nas.",PL,NA,FSD_EU_Reg
4,Tech Executive,D+C,follow_up,prestige,Employer Branding,Obawa o reakcję pracowników,"Czy nie wyjdę na fana Muska?","Konkurencja krytykuje Teslę.",brand_perception;internal_PR,"Przesyłam case PwC Polska.","EV w car-policy podniosło NPS pracowniczy o 14 pp.","Tesla lounge w biurze – 3 h demo tygodniowo.","Posty na LinkedIn +40 % zasięgu HR.",pwc_case_EV,"+14 pp NPS","Design minimal, OTA","Czy HR dział wspiera program EV?",Deck EB_EV,proud,late,raise,1,"Wizerunek lidera innowacji przyciąga talenty – podpiszmy dziś.",PL,NA,PwC_Case_2025
4,Tech Executive,D+C,closing,exec_decision,Szybkie domknięcie,Strata okazji cenowej,"Giełda Tesli zmienia ceny dynamicznie.","Czas dostawy może się wydłużyć.",opportunity_cost;lead_time,"Cena lock-in 72 h.","Dostawa Q3 zapewnia maks deduction IFRS.","Pre-order wymaga 1000 zł – zwrotne.","Priority VIN allocation dla floty >3 szt.",fleet_priority,"72 h gwarancja ceny","Long Range AWD, FSD","Czy blokujemy VIN teraz?",DocuSign link,decisive,late,raise,2,"Zapalmy zielone światło – systemy i finanse ruszą natychmiast.",PL,NA,Flota_IFRS
5,Early Adopter,I+D,opening,hype,Cieszyć się nowością,Nuda obecnego auta,"Czy Highland jest dostępny od ręki?","Czy mogę pierwszy w mieście?",early_access;novelty,"Czy chciałbyś odebrać Model 3 Highland jeszcze przed weekendem?",NA,NA,NA,first_owner_photo,"Odbiór 48 h","Highland facelift, RGB ambient","Wolisz biały czy nową szarość Stealth?",Link do konfiguratora,excited,early,raise,2,"Zarezerwujmy VIN, byś był pierwszy na Instagramie.",PL,NA,Highland_Launch
5,Early Adopter,I+D,feature_argument,party_tricks,Unikalne funkcje,Brak efektu wow,"Czy coś mnie jeszcze zaskoczy?","Konkurencja ma HUD.",wow_factor;gadget,"Sprawdźmy tryb LightShow i Steam w kabinie.","16-głośnikowy Dolby Atmos pokładowy.","Steam Deck gra w Cyberpunk na postoju.","OTA co miesiąc nowe funkcje EasterEgg.",youtuber_review,"0 zł za aktualizacje","Atmos audio, LightShow","Który gadżet pokazujemy na stories?",Video demo,thrilled,mid,raise,2,"To więcej niż auto – to platforma do zabawy i update’ów.",PL,NA,Influencer_Test
5,Early Adopter,I+D,objection_handling,ota_bugs,OBAWA O BUGI,Strach przed niedopracowanym software,"Aktualizacje psują funkcje.","Nie mam czasu na restarty.",bug_fear;stability,"Roll-back 1-klik w aplikacji.","90% update’ów nocą – auto śpi.","Community Beta channel dobrowolny.","Stat uptime 99,98% 2024.",release_note_stats,"99,98% uptime","OTA, dual partition MCU","Czy chcesz kanał stable czy beta?",FAQ link,curious,mid,neutral,1,"Masz kontrolę – aktualizujesz, kiedy chcesz.",PL,NA,Release_Stats
5,Early Adopter,I+D,trigger_response,referral,Chęć polecania znajomym,Strach że link straci ważność,"Kiedy ruszy nowy program?","Czy bonus jest wysoki?",referral_bonus;social_share,"Nowe referral rusza 1 sierpnia.","3 mies. Supercharger gratis + 1500 zł rabatu.","Link aktywny 6 mies.","Ranking userów w aplikacji.",referral_program_2025,"3 msc SC gratis","Referral, app ranking","Wyślesz link 3 znajomym od razu?",Push-notification tutorial,social,mid,raise,1,"Im szybciej wyślesz link, tym szybciej ładujesz gratis.",PL,NA,Referral_Tesla
5,Early Adopter,I+D,follow_up,content_drop,Stały dopływ nowości,Obawa że hype minie,"Co dalej po zakupie?","Czy będą nowe tryby?",content_update;future,"Newsletter Insider daje preview funkcji.","Roadmap Q4: Vision Park2, Track Mode OTA.","Beta testers Live chat.","YouTube vlog co miesiąc.",insider_newsletter,"0 zł subskrypcja","Vision Park2, Track Mode","Chcesz dostęp do Slack community?",Link Slack,enthused,late,raise,1,"Dołącz i współtwórz przyszłe funkcje – zaczynamy dziś.",PL,NA,Insider_Program
5,Early Adopter,I+D,closing,fast_checkout,Szybka finalizacja,Niechęć do papierów,"Nie mam czasu na formalności.","Kiedy odbiór?",paperless;speed,"Check-out online 5 min.","E-podpis, Apple Pay depozyt.","Odbiór express w Katowicach Drive-Thru.","Plakietka „First Highland Owner” gratis.",express_pickup,"5 min umowa","Drive-Thru delivery","Klikamy „Kup Teraz”?",ApplePay link,impulsive,late,raise,2,"Trzy kliknięcia i Highland jest Twój – gotowy w piątek.",PL,NA,Express_Delivery
6,Data-Driven Professional,C,opening,data_facts,Potrzeba liczb,Brak twardych danych,"Pokaż mi tabelę, nie slogany.","Zasięg WLTP to marketing.",need_stats;skeptic,"Czy mogę pokazać realne logi zużycia z flot w Polsce?",NA,NA,NA,telemetry_csv,"CSV log 20 tys. km","real-world kWh/100 km","Jaką średnią prędkość uznaje Pan za referencyjną?",Send CSV,analytical,early,raise,2,"Z danych trudno dyskutować – zobaczmy je wspólnie.",PL,NA,Flota_Dane2024
6,Data-Driven Professional,C,feature_argument,efficiency,Fakty o sprawności,Zawyżone dane fabryczne,"Czy 14 kWh/100 km jest realne?","Jak wpływa temp. 130 km/h?",efficiency;range,"Logi floty pokazują 16,2 kWh/100 km przy 120 km/h.","Pompa ciepła redukuje zużycie o 8 %.","Cx 0,219 najniższe w segmencie.","Ekstrapolacja: 420 km real przy 90 %->10 %.",fleet_log_chart,"16,2 kWh/100 km","pompa ciepła, aero wheels","Jakie tempo autostrady Pan zakłada?",Excel graf,curious,mid,raise,2,"Parametry Pan zna – przeliczmy czy odpowiadają potrzebom.",PL,NA,Flota_Log
6,Data-Driven Professional,C,objection_handling,charging_stats,Zajęte ładowarki,Strata czasu w trasie,"Średnia kolejka to 40 min.","Dane CarScanner pokazują korki.",queue_fear;infra,"API SC pokazuje occupancy live.","Średnia kolejka w PL 4 min (Q1 2025).","12 nowych V4 SC w budowie.","Dynamic pricing zniechęca do peak hours.",SC_API_data,"4 min średnia","Supercharger V4, live map","Czy podróżuje Pan głównie w weekendy?",PDF occupancy,neutral,mid,neutral,1,"Statystyki potwierdzają: oczekiwanie krótsze niż toaleta i kawa.",PL,NA,SC_API
6,Data-Driven Professional,C,trigger_response,excel_tco,Pełny model TCO,Nie lubi niespodzianek,"Pokaż mi CAPEX+OPEX 5 lat.","Zerowa wartość rezydualna?",tco_request;resale,"Udostępniam arkusz TCO z makrami.","Parametry edytowalne: cena energii, przebieg.","Resale 68 % po 3 latach (Otomoto).","Monte Carlo 1000 scenariuszy.",tco_model_xls,"ROI 3,1 roku","regen ham, brak oleju","Czy mam dorzucić scenariusz 10 % inflacji?",Send XLS,focused,mid,raise,1,"Model mówi sam za siebie – proszę o Pana parametry wejściowe.",PL,NA,TCO_Model
6,Data-Driven Professional,C,follow_up,whitepaper,Potwierdzenie źródeł,Brak peer-review,"Marketingowe PDF-y mnie nie przekonują.","Potrzebuję referencji IEEE.",source_credibility;peer_review,"Whitepaper Politechniki Wrocławskiej w załączniku.","Analiza LCA vs ICE – 50 % mniej CO2.","Metodologia ISO 14040.","Link DOI do artykułu.",pw_whitepaper,"-50 % CO2 life-cycle","HeatPump, OTA","Czy akceptuje Pan źródła akademickie?",DOI link,convinced,late,raise,1,"Jeśli metodyka odpowiada, czas przejść do zamówienia.",PL,NA,PW_LCA_2024
6,Data-Driven Professional,C,closing,sign_off,Decyzja na faktach,Brak emocji w zakupie,"Jeszcze sprawdzę jeden raport.","Wyślę Panu feedback.",analysis_paralysis;delay,"Oferta ważna 14 dni.","Zarezerwuję VIN; anulacja 0 zł.","Przez ten czas może Pan badać dalej.","Po 14 dniach cena rośnie o 5 tys.",price_increase_note,"+5 tys po 14 d.","Model 3 LR RWD","Zarezerwuję VIN teraz?",DocuSign,logical,late,raise,2,"Podeprzyjmy decyzję rezerwacją – dane Pan już ma.",PL,NA,Sales_Policy
7,Luxury Traditionalist,D+S,opening,premium_touch,Wysoki komfort,Nie ufa minimalizmowi,"Gdzie są przyciski?","Materiały wnętrza plastikowe?",luxury_need;design_doubt,"Jak ważna jest dla Pana skóra Nappa z wentylacją w standardzie?",NA,NA,NA,photo_interior,"wentylowane fotele","Premium Interior, yoke-less","Czy preferuje Pan drewno czy karbon?",Sample box,selective,early,raise,2,"Dotknijmy materiałów – one mówią więcej niż broszura.",PL,NA,Interior_Kit
7,Luxury Traditionalist,D+S,feature_argument,comfort,Komfort i cisza,Hałas opon,"Czy EV jest głośne na A4?","Brak pneumatyki?",noise_fear;ride_quality,"Model S Plaid 61 dB przy 120 km/h.","Aktywne tłumiki dźwięku.","Zawieszenie adaptacyjne reaguje 500×/s.","HEPA filtr z neutralizacją smogu.",autobild_noise,"61 dB cabin","active suspension, HEPA","Jak oceniasz ciszę w obecnym aucie?",Noise test video,calm,mid,raise,2,"Komfort, który czuć po pierwszym kilometrze.",PL,NA,AutoBild_dB
7,Luxury Traditionalist,D+S,objection_handling,brand_status,Obawa o prestiż,Brak herbu na masce,"Tesla to nie Bentley.","Co powiedzą znajomi?",prestige_doubt;status,"Bloomberg ranking EV-Elite 2025 nr 1.","Parking VIP lotnisko -> gniazda Tesla only.","Klub Owners PL, zaproszenia na premiery.","Marki luksusowe zamawiają Tesle jako shuttle.",bloomberg_rank,"VIP parking gratis","Owners Club, Launch events","Czy udział w klubie byłby wartością?",Invite link,status-seeking,mid,neutral,1,"Prestiż to dziś innowacja – Tesla ją definiuje.",PL,NA,Bloomberg_Elite
7,Luxury Traditionalist,D+S,trigger_response,concierge,Dostęp VIP,Brak osobistej obsługi,"Czy ktoś podstawi auto na serwis?","Jak dostanę auto zastępcze?",service_concierge;time,"Usługa Tesla Mobile Service pod domem.","Concierge door-to-door 0 zł do 50 km.","Overnight upgrade detailing gratis.","24/7 hotline Premium.",concierge_offer,"0 zł door-to-door","Mobile Service, Premium Hotline","Czy to spełnia Pana oczekiwania serwisowe?",T&C PDF,valued,mid,raise,1,"Państwa czas jest cenny, serwis przyjedzie do Pana.",PL,NA,Concierge_Policy
7,Luxury Traditionalist,D+S,follow_up,yacht_parking,Styl życia,Chce synergię z innymi dobrami,"Czy na marinie jest ładowarka?","Czy Tesla obsłuży przyczepę jachtową?",lifestyle_sync;trailer,"Mapa Destination Charger w marinach Bałtyku.","Hak 1600 kg na Model X.","Tryb Camp i pobór 1 kW na noc.","Ładujesz z gniazda 16 A w porcie.",marina_map,"Charging w marinie gratis","Tow hitch, CampMode","Jaki jest tonaż przyczepy?",Brochure towing,aspirational,late,raise,1,"Tesla wpisuje się w styl życia premium od miasta po marinę.",PL,NA,DestinationCharger_Map
7,Luxury Traditionalist,D+S,closing,exclusive,Zamknięcie premium,Szuka wyjątkowości,"Czekam na limitowaną edycję.","Jaki kolor będzie rzadki?",exclusivity;custom,"Launch Edition Midnight Cherry limit 200 szt.","Personal Concierge dedykowany.","Plakietka numerowana na desce.","Cena rezerwacyjna ważna 48 h.",limited_offer,"limit 200 szt","Midnight Cherry, numbered badge","Czy rezerwujemy egz. nr 37?",VIP DocuSign,proud,late,raise,2,"Zabezpieczmy nr 37 – unikat na lata.",PL,NA,Launch_Edition
8,Social Influencer,I,opening,viral,Widoczność online,Brak contentu unbox,"Czy Tesla dalej kręci views?","Cybertruck zabiera hype.",content_fomo;views,"Wiesz, że hashtag #ModelY ma 5 mld wyświetleń na TikTok?",NA,NA,NA,tiktok_stats,"5 mld views","LightShow, Caraoke","Który format – vlog czy reels?",TikTok link,excited,early,raise,2,"Dajmy Twoim fanom content jeszcze przed wszystkimi.",PL,NA,TikTok_Data
8,Social Influencer,I,feature_argument,creator_tools,Narzędzia do contentu,Słabe kamery w aucie,"Czy mogę streamować 4K?","Stabilizacja obrazu?",camera_limit;stream,"8 kamer 1080p zapis na SSD.","Tryb Dashcam raw feed do OBS.","LTE Premium 100 GB/mies.","WeDoCars gimbal-mount gratis.",dashcam_specs,"0 zł data 6 msc","Dashcam, LTE Premium","Stream z jazdy próbnej dziś?",OBS tutorial,creative,mid,raise,2,"Twoi widzowie będą pasażerami na żywo.",PL,NA,Dashcam_Spec
8,Social Influencer,I,objection_handling,sponsor,Autentyczność,Boją się krytyki,"Followers powiedzą, że to reklama.","Czy Tesla mnie repostuje?",authenticity;brandfit,"Hashtag #Ad transparent, engagement +12%.","Tesla repostuje top 3% twórców.","Ustalamy linię kreatywną: „Moja decyzja, nie sponsor”.","Stat wars – EV vs ICE showdown.",campaign_case,"+12% eng.","Repost policy, creative freedom","Jak chcesz pokazać szczerość?",Creative brief,authentic,mid,neutral,1,"Autentyczność plus Tesla to wygrany duet – pokażmy to.",PL,NA,Influencer_Case
8,Social Influencer,I,trigger_response,event_invite,Premiery i eventy,Chce ekskluzywności,"Czy dostanę zaproszenie na Cybertruck tour?","Backstage dostęp?",event_access;fomo,"Mam 2 passy VIP na Berlin Factory Tour.","Meet & greet z inżynierami.","Możliwość nagrania backstage.","Travel covered.",vip_pass,"VIP tour gratis","Factory tour, backstage","Kiedy pasuje Ci termin wrześniowy?",Invite iCal,thrilled,mid,raise,1,"Twoje backstage stories będą hitem tygodnia.",PL,NA,Berlin_Tour
8,Social Influencer,I,follow_up,merch_drop,Monetyzacja,Boi się niskiego CPM,"Czy merch z Teslą jest licencjonowany?","Marża sklepu?",merch;revenue,"Program affiliate 5 % od merch.","Design co-branding zatwierdza Tesla szybciej niż 72 h.","Dropship prosto z NL magazynu.","Średnia konwersja 4,2 %.",affiliate_stats,"5 % prowizji","Co-brand merch, dropship","Chcesz mock-up koszulki na dzisiaj?",Mockup link,entrepreneur,late,raise,1,"Twoi fani kupią, zanim opadnie kurz po premierze.",PL,NA,Affiliates_Tesla
8,Social Influencer,I,closing,viral_hit,Domknięcie,Hype chwilowy,"Szybkość jest kluczem.","Muszę uzgodnić budżet.",speed_need;budget,"Rezerwacja 250 zł blokuje auto i event.","Zwrotna, jeśli KPI <20 % planu.","Pierwszy kontent w 72 h od odbioru.","Boost algorytmu – nowość trenduje.",speed_offer,"Trend 72 h","Model Y LightShow","Klikamy rezerwację dziś?",Stripe link,impulsive,late,raise,2,"Zamknijmy to teraz i złapmy falę trendu.",PL,NA,Launch_Speed
9,Performance Enthusiast,D+I,opening,thrill,Poczucie mocy,Sceptycyzm EV,"EV równa się nudny dźwięk.","Brak manuala.",thrill_seek;sound,"Czułeś kiedyś 0-100 km/h w 3,7 s bez turbolag?",NA,NA,NA,drag_race_video,"0-100 3,7 s","Track Mode, Launch Control","Chcesz sprawdzić G-meter?",Test drive invite,excited,early,raise,2,"Przekonajmy się dziś na pasie startowym.",PL,NA,DragRace_PL
9,Performance Enthusiast,D+I,feature_argument,track_mode,Osiągi torowe,Przegrzewanie baterii,"Bateria zwolni po 2 okrążeniach.","Brak chłodzenia hamulców.",thermal_fade;track,"Nowe chłodzenie-loop Plaid.","Track Mode dynamicznie rozdziela moment.","5 okr. Silesia Ring bez spadku mocy (AutoŚwiat).","Launch Control powtarzalne 10×.",autoswiat_track,"0 fade 5 okr.","Track Mode, Brembo","Umówmy track-day demo?",Track invite,adrenaline,mid,raise,2,"Twój czas okrążenia zweryfikuje marketing.",PL,NA,AutoSwiat
9,Performance Enthusiast,D+I,objection_handling,brake_wear,Koszt hamulców,Wysoka masa EV,"Klocki zetrą się szybciej.","Ceramic kit drogi.",brake_cost;weight,"Regen ham redukuje użycie klocków 70 %.","Zestaw Boost ceramiczny 18 tys. vs 30 tys. AMG.","Pad wear sensor w aplikacji.","Serwis wymienia w 45 min.",service_stats,"-70 % użycia klocków","Regen, ceramic option","Czy planujesz track-day raz w miesiącu?",PDF Brake Tech,practical,mid,neutral,1,"Mniej tarcia = więcej okrążeń za te same pieniądze.",PL,NA,Service_Stats
9,Performance Enthusiast,D+I,trigger_response,software_boost,OTA Boost,Chce więcej mocy,"Czy można podkręcić soft?","Ile koszt FSD + Boost?",power_upgrade;ota,"Accel Boost 1 990 € +50 KM.","Instalacja OTA 15 min, brak wizyty.","Możliwość de-aktywacji dla gwarancji.","Bundle -15 % z FSD.",boost_offer,"+50 KM 15 min","Accel Boost, OTA","Kupujemy dziś czy po test-drive?",App purchase link,thrilled,mid,raise,1,"Kliknij Boost i poczuj różnicę na kolejnej prostce.",PL,NA,Boost_Offer
9,Performance Enthusiast,D+I,follow_up,drag_stats,Statystyki,Chce dowody,"Benchmark vs M3","Tesla heavy",benchmarks;proof,"AutoBild drag test 400 m 12,1 s.","M3 Comp 12,6 s.","Wideo z GPS RaceBox.","Plik CSV telemetry.",autobild_drag,"-0,5 s na 400 m","Track Mode, Launch","Przesyłam telemetrię – analizujesz sektory?",CSV link,competitive,late,raise,1,"Fakty przyspieszają decyzję szybciej niż auto.",PL,NA,AutoBild_Drag
9,Performance Enthusiast,D+I,closing,track_deal,Domykanie,Hype może opaść,"Muszę sprzedać STI.","Czekam na fundusze.",garage_space;budget,"Oferuję trade-in online 24 h.","Gwarantowana cena 90 tys. PLN.","Zaliczka 500 zł blokuje Model Y Performance.","Track-day voucher gratis.",tradein_offer,"Voucher track-day gratis","Performance AWD, Boost","Akceptujemy wycenę trade-in?",Trade-in link,decisive,late,raise,2,"Zatrzymasz wspomnienia STI, ale pobijesz czasy Teslą.",PL,NA,Tradein_Program
10,Business Optimizer,C+D,opening,fleet_roi,Redukcja kosztów floty,Ryzyko inwestycji,"ROI niepewny.","Czy pracownicy zaakceptują EV?",fleet_risk;roi,"Czy 26 % oszczędności CAPEX+OPEX brzmi interesująco?",NA,NA,NA,fleet_case,"-26 % koszt","Fleet API, SC","Ile aut wymieniacie rocznie?",Fleet survey,curious,early,raise,2,"Pokażmy liczby na Waszej flocie.",PL,NA,Fleet_Case
10,Business Optimizer,C+D,feature_argument,uptime,Maksymalny uptime,Przestój ładowania,"EV stoją, nie jeżdżą.","Brak serwisu mobilnego.",uptime;service,"Mobilny serwis 80% napraw onsite.","99,7 % uptime floty DHL EV.","SC sieć 30 lokalizacji PL.","Plan ładowania nocą z automatu.",dhl_case,"99,7 % uptime","Mobile Service, Scheduler","Który KPI uptime jest krytyczny?",Uptime sheet,analytical,mid,raise,2,"Więcej czasu na drodze = większy zysk.",PL,NA,DHL_EFLEET
10,Business Optimizer,C+D,objection_handling,accounting,Księgowość IFRS 16,Obawa o klasyfikację,"Czy FSD leasing to CAPEX?","Odpisy amort.?",ifrs;tax,"PKWiU 29 – stawka 50 % Vat odlicz.","FSD to usługa subskrypcji OPEX.","Amort. 20%/rok przy wykupie.","Ekspert KPMG whitepaper w zał.",kpmg_whitepaper,"Vat 50 % odlicz.","Subscription FSD","Czy zaprosić CFO na call?",Whitepaper link,pragmatic,mid,neutral,1,"Reguły księgowe mamy rozpisane – unikamy niespodzianek.",PL,NA,KPMG_2025
10,Business Optimizer,C+D,trigger_response,bulk_discount,Upust flotowy,Ruchome ceny,"Upusty znikną po Q2.","Czy jest rabat od 5 szt.?",discount;negotiation,"Rabat 3 % od 5 szt., 5 % od 10.","Bonus 6 mies. Supercharger.","Dostawa synchroniczna.","Dedykowany opiekun BDM.",bulk_offer,"-5 % 10 szt.","LR AWD, SC credits","Ile aut planujecie w Q1?",Proposal PDF,opportunistic,mid,raise,1,"Zablokujmy rabat przed końcem kwartału.",PL,NA,Bulk_Offer
10,Business Optimizer,C+D,follow_up,telematics,Integracja telematyki,Silos danych,"API nieobsługiwane.","Brak MapBox token.",api_barrier;data,"Webhook JSON demo z VIN 3.","Przykład PowerBI dashboard.","SDK open-source GitHub.","Bez opłat licencyjnych.",github_repo,"0 zł SDK","Webhook, JSON","Potrzeba PoC 1 tydzień?",GitHub link,techy,late,raise,1,"PoC pokaże pełną automatyzację raportów.",PL,NA,GitHub_SDK
10,Business Optimizer,C+D,closing,fleet_switch,Decyzja flotowa,Potrzeba akceptu zarządu,"Muszę przedstawić case board.","ROI niezatwierdzony.",board_approval;delay,"One-pager ROI gotowy do podpisu.","Board deck 10 slajdów pre-filled.","Cena i rabat trzymam 14 dni.","Pierwsze 3 auta demo 0 zł depozyt.",board_pack,"Demo 0 zł","Model Y LR, API","Czy wysyłamy deck dziś?",Board deck,determined,late,raise,2,"Gdy zarząd zobaczy ROI, podpiszmy bulk order.",PL,NA,Board_Pack
11,Eco-Economist,C+S,opening,co2_math,Minimalne LCA,Greenwashing,"Czy EV faktycznie mniej CO2?","Bateria litowa to problem.",lca_doubt;env_econ,"Przedstawię LCA Politechniki Gdańskiej – 50% mniej CO2 life-cycle.",NA,NA,NA,LCA_chart,"-50 % CO2","HEPA, PV-ready","Który etap LCA jest kluczowy?",LCA PDF,analytical,early,raise,2,"Zacznijmy od pełnych danych cyklu życia.",PL,NA,PG_LCA
11,Eco-Economist,C+S,feature_argument,pv_synergy,Synergia z OZE,Pytania o grid mix,"Nocą prąd z węgla.","Czy to ma sens bez PV?",grid_mix;renewables,"Ładowanie 80% nocą – mix 30% OZE.","PV domu 6 kWp pokryje 14 tys. km/rok.","V2H w roadmap 2026.","Wallbox mod. dynamiczne obciążenie.",oee_data,"14 tys. km PV","PV-ready, V2H","Czy rozważasz magazyn domowy?",Home battery brochure,hopeful,mid,raise,2,"Samowystarczalność i mobilność w jednym – policzmy to.",PL,NA,OZE_Data
11,Eco-Economist,C+S,objection_handling,battery_recycle,Recykling baterii,Obawa o odpady,"Co po 10 latach z baterią?","Brak zakładów recyklingu.",recycle_fear;eco,"Tesla odzyskuje 92% surowców (Nevada).","Umowa z Elemental Holding Jaworzno 2025.","Logistyka reverse gratis.","Certyfikat recyklingu dla klienta.",elemental_press,"92 % odzysk","Closed-loop","Certyfikat recyklingu ważny dla Ciebie?",Cert sample,relieved,mid,neutral,1,"Bateria wróci do obiegu, nie na wysypisko.",PL,NA,Elemental_Tesla
11,Eco-Economist,C+S,trigger_response,carbon_credits,Kredyty węglowe,Chce monetyzacji,"Czy mogę sprzedać redukcję CO2?","Jak to rozliczyć?",carbon_trading;roi,"Platforma KlimaDAO tokenizuje EV offset.","Średnio 1,2 t CO2/rok, cena 45 €/t.","Integracja API VIN-based.","Opłata platformy 5 %.",klimadao_case,"54 €/rok przychodu","API Offset","Czy potrzebna kalkulacja księgowa?",Offset guide,enterprising,mid,raise,1,"Zarabiaj na jeździe – to podwójny zysk.",PL,NA,KlimaDAO
11,Eco-Economist,C+S,follow_up,policy_change,Regulacje,Chce przewidzieć prawo,"Podatek od baterii?","Opłaty drogowe?",policy_risk;future,"Projekt UTD 2026 zwalnia EV z opłaty 5 lat.","Strefy Czystego Transportu darmowe.","Rząd planuje opłatę CO2 dla ICE 2027.","Raport PSPA w zal.",pspa_report,"0 zł SCT","Clean Zone Access","Czy potrzebny jest scenariusz polityczny?",Report link,cautious,late,raise,1,"Prawo pracuje na Twoją korzyść – wykorzystaj przewagę.",PL,NA,PSPA_2024
11,Eco-Economist,C+S,closing,green_invest,Domykanie,Zgodność z wartościami,"Muszę jeszcze porównać z hybrydą.","ROI vs PHEV?",phev_compare;delay,"TCO hybryda droższy 11% (PG kalk.).","Brak zwolnień z SCT.","EV ma 40 tys. dotacji.","Decyzja dziś oszczędza 5 tys. podwyżki cennika.",pg_calc,"11 % drożej PHEV","EV dotacja 40 k","Czy finalizujemy wniosek?",Eco sign,caring,late,raise,2,"Zainwestuj w czysty zysk – i dla planety, i dla portfela.",PL,NA,PG_TCO
12,Cautious Adopter,S+C,opening,low_risk,Zmniejszyć ryzyko,Brak pewności,"Nie znam się na EV.","Czy awarie są drogie?",risk_aversion;unknown,"Czy chce Pan zacząć od 30-dniowego wynajmu próbnego?",NA,NA,NA,try_before_buy,"30 dni test","Short-term lease","Kiedy pasuje odbiór demo?",Trial link,nervous,early,raise,2,"Spróbuj bez zobowiązań – to najlepszy sposób, by poznać EV.",PL,NA,Try_Rent
12,Cautious Adopter,S+C,feature_argument,simplicity,Prostota obsługi,Boją się technologii,"Za dużo ekranów.","Brak kluczyka.",tech_overload;usability,"Karta NFC + aplikacja, zero menu skompl.","Zobrazujmy 3 kroki startu.","Asystent głosowy po polsku.","Manual wideo 5 min.",video_manual,"3 kroki start","Voice, NFC card","Czy aplikacje są kłopotem?",Manual link,reassured,mid,raise,2,"Prostota = mniej stresu – pokażę w praktyce.",PL,NA,User_Manual
12,Cautious Adopter,S+C,objection_handling,resale,Boją się spadku wartości,"EV nikt nie kupi za 5 lat.","Używki stoją miesiącami.",resale_value;fear,"Dane Otomoto: średni czas sprzedaży Model 3 11 dni.","Wartość 5-letnia 58 % ceny.","Battery cert transfer.","Program buy-back 48 mies.",otomoto_days,"11 dni średnio","Buy-back, cert.","Czy wykup gwarancji odkupu zwiększy zaufanie?",Buyback PDF,hopeful,mid,neutral,1,"Wiesz, ile dostaniesz przy odsprzedaży – zero niewiadomych.",PL,NA,Otomoto_Stats
12,Cautious Adopter,S+C,trigger_response,service_plan,Gwarancja,Boją się kosztów,"Co jeśli coś padnie?","Serwis daleko.",service_worry;distance,"Pakiet Service Plan 3 lata 0 zł.","Mobilny serwis 70% napraw na miejscu.","Holowanie 24/7 w cenie.","Auto zastępcze D+1.",service_plan_doc,"0 zł plan 3 lata","Mobile Service, towing","Czy taka gwarancja daje spokój?",Plan link,relieved,mid,raise,1,"Gwarancja bez kosztów zamyka temat ryzyka.",PL,NA,Service_Plan
12,Cautious Adopter,S+C,follow_up,peer_story,Historie innych,Boją się osamotnienia,"Brak znajomych z EV.","Nie mam kogo zapytać.",peer_support;community,"Zaproszenie do grupy FB Tesla PL 7 tys. użytk.","Live Q&A co wtorek.","Webinar „Pierwszy miesiąc z Teslą”.","Case study emeryta z Rzeszowa.",fb_group_link,"7 tys. userów","Community, Webinar","Czy zapiszę Pana na Q&A?",Link webinar,supported,late,raise,1,"Poznaj ludzi, którzy już to zrobili – i nie żałują.",PL,NA,FB_Group
12,Cautious Adopter,S+C,closing,zero_pressure,Zamknięcie bez presji,Strach przed pochopną decyzją,"Muszę to przemyśleć.","Nie chcę pośpiechu.",low_pressure;delay,"Rezerwacja 500 zł zwrotna 30 dni.","Dotacja pula 80 %.","Cena zamrożona na miesiąc.","Test drive można powtórzyć.",low_pressure_offer,"Cena zablokowana 30 dni","RWD, Service plan","Czy rezerwujemy, by mieć czas na decyzję?",Payment link,calm,late,neutral,2,"Zablokujmy cenę – decyzję podejmiesz na spokojnie.",PL,NA,LowPressure_Offer
```csv
archetype_id,archetype_name,disc_mix,content_type,subtype_tag,primary_motivation,underlying_fear,top_objection,secondary_objection,key_triggers_ids,recommended_opening_line,argument_stack_soft,argument_stack_medium,argument_stack_strong,social_proof_asset,roi_tco_hook,feature_priority_hint,next_best_question,follow_up_recommendation,emotional_valence_label,optimal_sequence_position,expected_momentum_effect,contextual_weight_hint,conversion_closure_phrase,market_scope,country,data_source_note
1,Green Pioneer Family,S+I,opening,eco_family,Dbanie o przyszłość planety i bezpieczeństwo rodziny, bycie na czele innowacji.,Negatywny wpływ na środowisko, brak nowoczesnych rozwiązań dla rodziny.,NA,NA,NA,"Dzień dobry! Szukają Państwo samochodu, który łączy ekologię, bezpieczeństwo i najnowsze technologie dla całej rodziny?",NA,NA,NA,NA,NA,NA,NA,NA,curious,early,raise,1.5,NA,PL,NA,doświadczenie sprzedażowe
1,Green Pioneer Family,S+I,feature_argument,safety_kids,Bezpieczeństwo dzieci i komfort podróży.,Ryzyko wypadku, brak zaawansowanych systemów ochrony.,NA,NA,NA,NA,"Tesla to jeden z najbezpieczniejszych samochodów na świecie, co potwierdzają niezależne testy.",Model Y uzyskał 5 gwiazdek w testach Euro NCAP, w tym wysokie oceny za ochronę dzieci i systemy wspomagające kierowcę.,Dzięki unikalnej konstrukcji i systemom jak Autopilot, Tesla aktywnie chroni pasażerów, minimalizując ryzyko kolizji i zapewniając spokój ducha.,"ranking_EuroNCAP_5star",NA,"Bezpieczeństwo 5*, Autopilot, przestronność",NA,NA,trusting,mid,raise,1.8,NA,PL,NA,testy Euro NCAP
1,Green Pioneer Family,S+I,objection_handling,cost_initial,NA,NA,"Tesla jest za droga na start.","Nie wiem, czy koszty eksploatacji zrekompensują wyższą cenę.","price_concern;tco_uncertainty",NA,"Warto spojrzeć na Teslę jako inwestycję, która zwraca się w dłuższej perspektywie.","Dzięki dotacjom 'Mój Elektryk' (do 27 000 PLN) i niskim kosztom ładowania, całkowity koszt posiadania (TCO) Tesli jest często niższy niż aut spalinowych.","Analizy TCO pokazują, że w ciągu 5 lat oszczędności na paliwie, serwisie i podatkach mogą wynieść dziesiątki tysięcy złotych, a wartość rezydualna Tesli jest wysoka.","raport_TCO_PL_EV","Oszczędzasz ~1500-2000 PLN/mies. na paliwie i serwisie.","Czy chcieliby Państwo zobaczyć symulację TCO dla Państwa rocznego przebiegu?",NA,skeptical,mid,raise,1.7,NA,PL,NA,analiza rynku PL, program Mój Elektryk
1,Green Pioneer Family,S+I,trigger_response,eco_impact,NA,NA,NA,NA,"environmental_concern;sustainability_interest",NA,"NA","Wybierając Teslę, aktywnie wspierają Państwo redukcję emisji CO2 i budują czystszą przyszłość dla swoich dzieci.","NA","raport_Tesla_Impact_PL",NA,"NA",NA,NA,excited,mid,raise,1.2,NA,PL,NA,raporty branżowe
1,Green Pioneer Family,S+I,follow_up,TCO_dotacje,NA,NA,NA,NA,NA,NA,NA,NA,NA,NA,NA,NA,NA,"Kalkulator TCO dla rodziny, broszura o programie 'Mój Elektryk', link do testów bezpieczeństwa Euro NCAP.",curious,late,neutral,0.8,NA,PL,NA,doświadczenie sprzedażowe
1,Green Pioneer Family,S+I,closing,decision_support,NA,NA,NA,NA,NA,NA,NA,NA,NA,NA,NA,NA,NA,NA,excited,late,raise,1.9,"Czy są Państwo gotowi, aby dołączyć do grona pionierów i zapewnić rodzinie bezpieczną, ekologiczną przyszłość z Teslą?",PL,NA,doświadczenie sprzedażowe
2,Safety-First Parents,S+C,opening,safety_family,Maksymalne bezpieczeństwo dla dzieci i spokój ducha, rozsądne koszty utrzymania.,Ryzyko wypadku, awarie, nieprzewidziane wysokie koszty.,NA,NA,NA,"Szukają Państwo samochodu, który zapewni najwyższe bezpieczeństwo Państwa rodzinie, jednocześnie będąc ekonomicznym wyborem?",NA,NA,NA,NA,NA,NA,NA,NA,anxious,early,raise,1.6,NA,PL,NA,doświadczenie sprzedażowe
2,Safety-First Parents,S+C,feature_argument,safety_features,Bezpieczeństwo pasażerów, zwłaszcza dzieci.,Obawy o niezawodność systemów bezpieczeństwa.,NA,NA,NA,NA,"Tesla konsekwentnie osiąga najwyższe oceny w testach bezpieczeństwa, przewyższając wiele aut premium.","Model 3 i Y to liderzy w swoich klasach pod względem ochrony dorosłych i dzieci, dzięki sztywnej konstrukcji i nisko położonemu środkowi ciężkości.","Zaawansowane systemy aktywnego bezpieczeństwa, takie jak automatyczne hamowanie awaryjne i ostrzeganie o kolizji, działają prewencyjnie, minimalizując ryzyko wypadków.",ranking_EuroNCAP_5star,NA,"Bezpieczeństwo 5*, Autopilot, systemy aktywnego bezpieczeństwa",NA,NA,trusting,mid,raise,1.9,NA,PL,NA,testy Euro NCAP
2,Safety-First Parents,S+C,objection_handling,service_availability,NA,NA,"Co jeśli coś się zepsuje, a serwis jest daleko?","Czy Tesla ma wystarczająco punktów serwisowych w Polsce?","service_availability;reliability_worry",NA,"Tesla rozwija sieć serwisową w Polsce, oferując również mobilny serwis.","Wiele napraw i aktualizacji odbywa się zdalnie (OTA), a w razie potrzeby mobilny serwisant przyjedzie do Państwa, oszczędzając czas.","Dzięki diagnostyce zdalnej i rozbudowanej sieci partnerów serwisowych, pomoc jest zawsze w zasięgu ręki, a większość problemów rozwiązywana jest szybko i sprawnie.","mapa_serwisow_Tesla_PL",NA,"NA","Czy mają Państwo obawy dotyczące konkretnego aspektu serwisu?",NA,skeptical,mid,raise,1.5,NA,PL,NA,doświadczenie sprzedażowe, dane Tesla PL
2,Safety-First Parents,S+C,trigger_response,cost_savings,NA,NA,NA,NA,"cost_concern;long_term_value",NA,"NA","Tesla oferuje znaczące oszczędności na paliwie i serwisie, co przekłada się na niższe koszty utrzymania rodziny.","NA","raport_TCO_PL_EV",NA,"NA",NA,NA,curious,mid,raise,1.3,NA,PL,NA,analiza rynku PL
2,Safety-First Parents,S+C,follow_up,safety_report,NA,NA,NA,NA,NA,NA,NA,NA,NA,NA,NA,NA,NA,"Szczegółowy raport bezpieczeństwa Tesli, lista punktów serwisowych w PL, kalkulator oszczędności.",anxious,late,neutral,0.9,NA,PL,NA,doświadczenie sprzedażowe
2,Safety-First Parents,S+C,closing,peace_of_mind,NA,NA,NA,NA,NA,NA,NA,NA,NA,NA,NA,NA,NA,NA,trusting,late,raise,1.8,"Czy są Państwo gotowi na spokój ducha i bezpieczeństwo, które Tesla oferuje Państwa rodzinie?",PL,NA,doświadczenie sprzedażowe
3,Budget-Conscious Family,S,opening,budget_family,Niskie koszty eksploatacji, bezpieczeństwo, praktyczność dla rodziny.,Ukryte koszty, wysokie rachunki za prąd, brak dostępności serwisu.,NA,NA,NA,"Szukają Państwo bezpiecznego i praktycznego samochodu rodzinnego, który nie obciąży zbytnio domowego budżetu?",NA,NA,NA,NA,NA,NA,NA,NA,curious,early,raise,1.4,NA,PL,NA,doświadczenie sprzedażowe
3,Budget-Conscious Family,S,feature_argument,running_costs,Niskie koszty utrzymania i eksploatacji.,Wysokie rachunki za prąd, drogi serwis.,NA,NA,NA,NA,"Koszty ładowania Tesli są znacznie niższe niż tankowania benzyny czy diesla.","Dzięki programowi 'Mój Elektryk' można uzyskać do 27 000 PLN dotacji, co obniża początkowy koszt zakupu.","Brak konieczności wymiany oleju, filtrów czy świec zapłonowych oznacza minimalne koszty serwisu, a hamowanie rekuperacyjne oszczędza klocki hamulcowe.","raport_TCO_PL_EV","Oszczędzasz ~1500-2000 PLN/mies. na paliwie.",NA,NA,NA,skeptical,mid,raise,1.7,NA,PL,NA,analiza rynku PL, program Mój Elektryk
3,Budget-Conscious Family,S,objection_handling,range_anxiety,NA,NA,"Czy zasięg Tesli wystarczy na nasze rodzinne wyjazdy?","Obawiam się, że będę musiał często ładować.","range_anxiety;charging_infrastructure",NA,"Większość Tesli oferuje zasięg ponad 400 km na jednym ładowaniu, co jest wystarczające na codzienne dojazdy.","Polska ma rozwijającą się sieć stacji Supercharger i publicznych ładowarek, a ładowanie w domu jest najwygodniejsze i najtańsze.","Planowanie trasy z Teslą jest proste dzięki nawigacji, która automatycznie uwzględnia stacje ładowania, zapewniając komfort nawet na długich trasach.","mapa_Supercharger_PL",NA,"NA","Jakie są Państwa typowe trasy i roczny przebieg?",NA,anxious,mid,raise,1.6,NA,PL,NA,dane Tesla PL, mapa ładowarek PL
3,Budget-Conscious Family,S,trigger_response,dotacje_PL,NA,NA,NA,NA,"subsidy_interest;cost_reduction",NA,"NA","Program 'Mój Elektryk' to realna szansa na obniżenie ceny Tesli, co czyni ją bardziej dostępną dla rodzinnego budżetu.","NA","broszura_Mój_Elektryk",NA,"NA",NA,NA,excited,mid,raise,1.4,NA,PL,NA,program Mój Elektryk
3,Budget-Conscious Family,S,follow_up,budget_guide,NA,NA,NA,NA,NA,NA,NA,NA,NA,NA,NA,NA,NA,"Przewodnik po dotacjach 'Mój Elektryk', symulacja oszczędności na paliwie i serwisie, lista stacji ładowania w okolicy.",curious,late,neutral,0.8,NA,PL,NA,doświadczenie sprzedażowe
3,Budget-Conscious Family,S,closing,smart_investment,NA,NA,NA,NA,NA,NA,NA,NA,NA,NA,NA,NA,NA,NA,trusting,late,raise,1.7,"Czy są Państwo gotowi na inteligentną inwestycję w bezpieczny i ekonomiczny samochód rodzinny?",PL,NA,doświadczenie sprzedażowe
4,Tech Executive,D+C,opening,tech_innovation,Dostęp do najnowszych technologii, optymalizacja czasu i kosztów, status.,Przestarzałe rozwiązania, niska wydajność, brak kontroli nad danymi.,NA,NA,NA,"Jako lider, szuka Pan/Pani rozwiązań, które wyprzedzają konkurencję i optymalizują każdy aspekt życia i biznesu?",NA,NA,NA,NA,NA,NA,NA,NA,status-seeking,early,raise,1.8,NA,PL,NA,doświadczenie sprzedażowe
4,Tech Executive,D+C,feature_argument,software_updates,Dostęp do najnowszych funkcji i ulepszeń.,Przestarzałe oprogramowanie, brak innowacji.,NA,NA,NA,NA,"Tesla to jedyny samochód, który staje się lepszy z czasem dzięki bezprzewodowym aktualizacjom oprogramowania (OTA).","Regularne aktualizacje wprowadzają nowe funkcje, poprawiają wydajność i bezpieczeństwo, zapewniając, że Państwa Tesla zawsze będzie na czele technologii.","To jak posiadanie smartfona, który sam się ulepsza – zawsze ma Pan/Pani dostęp do najnowszych innowacji bez wizyty w serwisie.","raport_Tesla_OTA_features",NA,"OTA, Autopilot, FSD, interfejs użytkownika",NA,NA,excited,mid,raise,1.9,NA,PL,NA,dane Tesla Global
4,Tech Executive,D+C,objection_handling,interior_design,NA,NA,"Wnętrze Tesli jest zbyt minimalistyczne, brakuje mi fizycznych przycisków.","Czy to wnętrze jest wystarczająco premium?","design_preference;haptic_feedback",NA,"Minimalistyczny design Tesli to świadoma decyzja, która skupia się na intuicyjności i funkcjonalności.","Wszystkie kluczowe funkcje są dostępne na dużym ekranie dotykowym, co eliminuje rozpraszacze i pozwala na pełną personalizację.","To przyszłość motoryzacji – intuicyjny interfejs, który jest stale aktualizowany i dostosowywany do Państwa potrzeb, oferując jednocześnie wysoką jakość materiałów.",NA,NA,"NA","Jakie elementy wnętrza są dla Pana/Pani najważniejsze?",NA,skeptical,mid,raise,1.6,NA,PL,NA,doświadczenie sprzedażowe
4,Tech Executive,D+C,trigger_response,data_analytics,NA,NA,NA,NA,"data_insights;efficiency_metrics",NA,"NA","Tesla dostarcza szczegółowe dane o zużyciu energii i stylu jazdy, co pozwala na precyzyjną optymalizację kosztów i efektywności.","NA","dashboard_Tesla_app_demo",NA,"NA",NA,NA,curious,mid,raise,1.5,NA,PL,NA,dane Tesla Global
4,Tech Executive,D+C,follow_up,tech_spec_sheet,NA,NA,NA,NA,NA,NA,NA,NA,NA,NA,NA,NA,NA,"Szczegółowa specyfikacja techniczna, raport o aktualizacjach OTA, zaproszenie na jazdę testową z demonstracją FSD.",status-seeking,late,neutral,0.9,NA,PL,NA,doświadczenie sprzedażowe
4,Tech Executive,D+C,closing,future_leadership,NA,NA,NA,NA,NA,NA,NA,NA,NA,NA,NA,NA,NA,NA,status-seeking,late,raise,1.9,"Czy jest Pan/Pani gotów/gotowa na przyszłość, która pozwoli Panu/Pani utrzymać przewagę technologiczną i biznesową?",PL,NA,doświadczenie sprzedażowe
5,Early Adopter,I+D,opening,innovation_seeker,Bycie pierwszym, doświadczanie nowości, unikalne wrażenia.,Brak nowości, bycie "z tyłu", utrata statusu innowatora.,NA,NA,NA,"Jako osoba, która zawsze wyprzedza trendy, szuka Pan/Pani czegoś, co zdefiniuje przyszłość motoryzacji?",NA,NA,NA,NA,NA,NA,NA,NA,excited,early,raise,1.7,NA,PL,NA,doświadczenie sprzedażowe
5,Early Adopter,I+D,feature_argument,new_tech_experience,Unikalne doświadczenia z jazdy, dostęp do najnowszych innowacji.,Nudna jazda, brak ekscytacji.,NA,NA,NA,NA,"Tesla to nie tylko samochód, to platforma technologiczna, która oferuje niespotykane wrażenia z jazdy.","Od natychmiastowego momentu obrotowego po zaawansowane funkcje Autopilota, każda podróż Teslą to odkrywanie nowych możliwości.","System FSD (Full Self-Driving) to przyszłość autonomicznej jazdy, którą mogą Państwo doświadczyć już dziś, będąc częścią rewolucji.",video_Tesla_FSD_beta,NA,"FSD, Autopilot, tryb Track, przyspieszenie",NA,NA,excited,mid,raise,1.9,NA,PL,NA,dane Tesla Global
5,Early Adopter,I+D,objection_handling,software_bugs,NA,NA,"Czy oprogramowanie Tesli jest już wystarczająco dopracowane?","Obawiam się, że będą błędy i niedociągnięcia.","tech_reliability;software_glitches",NA,"Tesla, jako lider innowacji, stale udoskonala swoje oprogramowanie poprzez regularne aktualizacje OTA.","Wszelkie ewentualne niedociągnięcia są szybko eliminowane, a nowe funkcje dodawane, co sprawia, że samochód staje się coraz lepszy.","To dynamiczny proces rozwoju, w którym Państwo, jako wczesny użytkownik, macie realny wpływ na kształtowanie przyszłości motoryzacji.",NA,NA,"NA","Jakie konkretne obawy dotyczące oprogramowania Państwo mają?",NA,skeptical,mid,raise,1.5,NA,PL,NA,doświadczenie sprzedażowe
5,Early Adopter,I+D,trigger_response,community_access,NA,NA,NA,NA,"innovation_interest;community_belonging",NA,"NA","Dołączając do społeczności Tesli, stają się Państwo częścią globalnego ruchu innowatorów i entuzjastów technologii.","NA","forum_Tesla_owners_PL",NA,"NA",NA,NA,curious,mid,raise,1.3,NA,PL,NA,doświadczenie sprzedażowe
5,Early Adopter,I+D,follow_up,exclusive_content,NA,NA,NA,NA,NA,NA,NA,NA,NA,NA,NA,NA,NA,"Zaproszenie na ekskluzywne wydarzenie Tesla, dostęp do beta testów FSD (jeśli dostępne), artykuły o przyszłości EV.",excited,late,neutral,0.9,NA,PL,NA,doświadczenie sprzedażowe
5,Early Adopter,I+D,closing,pioneer_status,NA,NA,NA,NA,NA,NA,NA,NA,NA,NA,NA,NA,NA,NA,excited,late,raise,1.9,"Czy są Państwo gotowi, aby być na czele rewolucji i doświadczyć przyszłości już dziś?",PL,NA,doświadczenie sprzedażowe
6,Data-Driven Professional,C,opening,data_optimization,Optymalizacja, efektywność, kontrola kosztów, decyzje oparte na danych.,Brak danych, nieefektywność, nieprzewidywalne koszty.,NA,NA,NA,"Jako profesjonalista, który ceni dane i efektywność, szuka Pan/Pani rozwiązania, które pozwoli na pełną kontrolę i optymalizację?",NA,NA,NA,NA,NA,NA,NA,NA,curious,early,raise,1.7,NA,PL,NA,doświadczenie sprzedażowe
6,Data-Driven Professional,C,feature_argument,cost_efficiency,Maksymalizacja ROI, minimalizacja kosztów operacyjnych.,Nieefektywne wydatki, brak przejrzystości kosztów.,NA,NA,NA,NA,"Tesla oferuje niezrównaną efektywność energetyczną, co przekłada się na realne oszczędności w skali roku.","Dzięki aplikacji Tesla i wbudowanym systemom, ma Pan/Pani pełny wgląd w zużycie energii, koszty ładowania i statystyki jazdy.","Precyzyjne dane pozwalają na optymalizację tras, stylu jazdy i harmonogramów ładowania, co maksymalizuje oszczędności i ROI.",dashboard_Tesla_app_demo,"Oszczędzasz ~1500-2000 PLN/mies. na paliwie.",NA,NA,NA,calculative,mid,raise,1.8,NA,PL,NA,dane Tesla Global
6,Data-Driven Professional,C,objection_handling,data_privacy,NA,NA,"Jak Tesla zarządza moimi danymi?","Czy moje dane są bezpieczne i prywatne?","data_privacy;security_concern",NA,"Tesla bardzo poważnie traktuje prywatność danych, zbierając je wyłącznie w celu poprawy bezpieczeństwa i funkcjonalności pojazdu.","Wszystkie dane są anonimizowane i szyfrowane, a Pan/Pani ma pełną kontrolę nad tym, co jest udostępniane.","Dane są wykorzystywane do ulepszania Autopilota i innych funkcji, co przekłada się na korzyści dla wszystkich użytkowników, bez naruszania prywatności.",NA,NA,"NA","Jakie konkretne aspekty prywatności danych są dla Pana/Pani najważniejsze?",NA,skeptical,mid,raise,1.5,NA,PL,NA,polityka prywatności Tesla
6,Data-Driven Professional,C,trigger_response,roi_calculation,NA,NA,NA,NA,"roi_interest;cost_benefit",NA,"NA","Możemy przygotować szczegółową analizę ROI dla Państwa przypadku, uwzględniając dotacje, koszty ładowania i serwisowania.","NA","kalkulator_ROI_Tesla_PL",NA,"NA",NA,NA,curious,mid,raise,1.4,NA,PL,NA,doświadczenie sprzedażowe
6,Data-Driven Professional,C,follow_up,detailed_roi_report,NA,NA,NA,NA,NA,NA,NA,NA,NA,NA,NA,NA,NA,"Spersonalizowany raport ROI, szczegółowe dane o zużyciu energii, porównanie TCO z autami spalinowymi.",calculative,late,neutral,0.9,NA,PL,NA,doświadczenie sprzedażowe
6,Data-Driven Professional,C,closing,informed_decision,NA,NA,NA,NA,NA,NA,NA,NA,NA,NA,NA,NA,NA,NA,calculative,late,raise,1.9,"Czy są Państwo gotowi podjąć decyzję opartą na danych, która zoptymalizuje Państwa mobilność?",PL,NA,doświadczenie sprzedażowe
7,Luxury Traditionalist,D+S,opening,luxury_comfort,Prestiż, komfort, bezpieczeństwo, sprawdzone rozwiązania.,Utrata prestiżu, niska jakość, brak tradycyjnego luksusu.,NA,NA,NA,"Szuka Pan/Pani samochodu, który łączy niezrównany komfort i bezpieczeństwo z nowoczesnym prestiżem?",NA,NA,NA,NA,NA,NA,NA,NA,status-seeking,early,raise,1.6,NA,PL,NA,doświadczenie sprzedażowe
7,Luxury Traditionalist,D+S,feature_argument,premium_experience,Wyjątkowy komfort podróży, wysoka jakość, prestiż.,Brak tradycyjnego luksusu, niska jakość materiałów.,NA,NA,NA,NA,"Tesla oferuje przestronne i ciche wnętrze, zapewniając komfort podróży na najwyższym poziomie.","Mimo minimalistycznego designu, materiały wykończeniowe są wysokiej jakości, a panoramiczny dach i zaawansowane systemy audio podnoszą wrażenia.","To nowy wymiar luksusu – skupiony na technologii, przestrzeni i spokoju, z dbałością o detale, które docenią Państwo podczas każdej podróży.",video_Tesla_interior_tour,NA,"Komfort, cisza, przestronność, system audio",NA,NA,trusting,mid,raise,1.8,NA,PL,NA,doświadczenie sprzedażowe
7,Luxury Traditionalist,D+S,objection_handling,engine_sound,NA,NA,"Brakuje mi dźwięku silnika spalinowego.","Czy jazda elektrykiem jest równie emocjonująca?","sensory_experience;traditional_luxury",NA,"Tesla oferuje zupełnie nowe, unikalne wrażenia z jazdy, które wykraczają poza tradycyjny dźwięk silnika.","Natychmiastowy moment obrotowy i płynne przyspieszenie zapewniają dynamiczne i ekscytujące doznania, których nie znajdzie Pan/Pani w aucie spalinowym.","Cisza w kabinie pozwala na pełne skupienie się na drodze lub cieszenie się ulubioną muzyką, co jest nowym standardem luksusu i komfortu.",NA,NA,"NA","Jakie aspekty jazdy są dla Pana/Pani najważniejsze?",NA,skeptical,mid,raise,1.5,NA,PL,NA,doświadczenie sprzedażowe
7,Luxury Traditionalist,D+S,trigger_response,brand_heritage,NA,NA,NA,NA,"brand_image;prestige_concern",NA,"NA","Tesla, choć młoda, szybko zbudowała reputację lidera innowacji i symbolu nowoczesnego prestiżu.","NA","ranking_najbardziej_innowacyjnych_marek",NA,"NA",NA,NA,status-seeking,mid,raise,1.3,NA,PL,NA,raporty branżowe
7,Luxury Traditionalist,D+S,follow_up,luxury_brochure,NA,NA,NA,NA,NA,NA,NA,NA,NA,NA,NA,NA,NA,"Broszura o luksusowych cechach Tesli, zaproszenie na jazdę testową z naciskiem na komfort, opinie właścicieli aut premium.",status-seeking,late,neutral,0.9,NA,PL,NA,doświadczenie sprzedażowe
7,Luxury Traditionalist,D+S,closing,new_luxury,NA,NA,NA,NA,NA,NA,NA,NA,NA,NA,NA,NA,NA,NA,trusting,late,raise,1.9,"Czy jest Pan/Pani gotów/gotowa na nową definicję luksusu, która łączy prestiż z innowacją i bezpieczeństwem?",PL,NA,doświadczenie sprzedażowe
8,Social Influencer,I,opening,image_status,Wyróżnienie się, bycie na topie, generowanie treści, budowanie wizerunku.,Bycie niezauważonym, brak unikalnych cech, negatywny odbiór.,NA,NA,NA,"Jako osoba, która inspiruje innych, szuka Pan/Pani samochodu, który nie tylko jeździ, ale też opowiada historię i buduje wizerunek?",NA,NA,NA,NA,NA,NA,NA,NA,status-seeking,early,raise,1.7,NA,PL,NA,doświadczenie sprzedażowe
8,Social Influencer,I,feature_argument,unique_design,Unikalny design, rozpoznawalność, możliwość personalizacji.,Zbyt powszechny, brak "ekskluzywności".,NA,NA,NA,NA,"Design Tesli jest ikoniczny i natychmiast rozpoznawalny, co wyróżnia ją na tle innych aut.","Minimalistyczne wnętrze i duży ekran dotykowy to idealne tło do tworzenia angażujących treści i prezentowania nowoczesnego stylu życia.","Tesla to nie tylko samochód, to statement – symbol innowacji i świadomego wyboru, który idealnie wpisuje się w Państwa wizerunek.",photo_Tesla_influencer_PL,NA,"Design, duży ekran, tryb Sentry, aplikacja mobilna",NA,NA,excited,mid,raise,1.8,NA,PL,NA,doświadczenie sprzedażowe
8,Social Influencer,I,objection_handling,personalization_options,NA,NA,"Czy Tesla oferuje wystarczające opcje personalizacji?","Obawiam się, że moja Tesla będzie wyglądać jak każda inna.","personalization_desire;uniqueness_concern",NA,"Choć Tesla ma ograniczoną liczbę fabrycznych opcji, rynek akcesoriów i modyfikacji jest ogromny.","Można spersonalizować wygląd zewnętrzny (folie, felgi) i wnętrze (nakładki, oświetlenie), aby Państwa Tesla była naprawdę unikalna.","Dodatkowo, unikalne funkcje oprogramowania, takie jak tryb Boombox czy gry, pozwalają na interakcję z samochodem w sposób, który wyróżni Państwa treści.",NA,NA,"NA","Jakie konkretne elementy personalizacji są dla Pana/Pani ważne?",NA,skeptical,mid,raise,1.5,NA,PL,NA,doświadczenie sprzedażowe
8,Social Influencer,I,trigger_response,social_proof_potential,NA,NA,NA,NA,"social_media_buzz;follower_engagement",NA,"NA","Posiadanie Tesli generuje naturalne zainteresowanie i jest świetnym tematem do tworzenia angażujących treści dla Państwa odbiorców.","NA","case_study_influencer_Tesla",NA,"NA",NA,NA,excited,mid,raise,1.4,NA,PL,NA,doświadczenie sprzedażowe
8,Social Influencer,I,follow_up,content_ideas,NA,NA,NA,NA,NA,NA,NA,NA,NA,NA,NA,NA,NA,"Pomysły na treści z Teslą, lista akcesoriów do personalizacji, zaproszenie do programu referencyjnego.",excited,late,neutral,0.9,NA,PL,NA,doświadczenie sprzedażowe
8,Social Influencer,I,closing,brand_statement,NA,NA,NA,NA,NA,NA,NA,NA,NA,NA,NA,NA,NA,NA,status-seeking,late,raise,1.9,"Czy są Państwo gotowi, aby Tesla stała się kolejnym, potężnym elementem Państwa osobistej marki?",PL,NA,doświadczenie sprzedażowe
9,Performance Enthusiast,D+I,opening,driving_thrill,Ekstremalne osiągi, innowacje w napędzie, czyste wrażenia z jazdy.,Niska moc, brak emocji, przestarzała technologia.,NA,NA,NA,"Szuka Pan/Pani samochodu, który dostarcza adrenaliny, łączy innowacje z bezkompromisowymi osiągami i czystą radością z jazdy?",NA,NA,NA,NA,NA,NA,NA,NA,excited,early,raise,1.8,NA,PL,NA,doświadczenie sprzedażowe
9,Performance Enthusiast,D+I,feature_argument,acceleration_power,Natychmiastowe przyspieszenie, precyzyjne prowadzenie, tryb Track.,Brak dźwięku silnika, waga baterii.,NA,NA,NA,NA,"Tesla oferuje przyspieszenie, które zapiera dech w piersiach, od 0 do 100 km/h w zaledwie 2.1 sekundy w Modelu S Plaid.","Dzięki nisko położonemu środkowi ciężkości i precyzyjnemu układowi kierowniczemu, Tesla prowadzi się jak samochód sportowy.","Tryb Track (w wybranych modelach) pozwala na optymalizację osiągów na torze, dając pełną kontrolę nad dynamiką jazdy.",video_Tesla_acceleration,"0-100 km/h w 2.1s (Model S Plaid)",NA,NA,NA,excited,mid,raise,1.9,NA,PL,NA,dane Tesla Global
9,Performance Enthusiast,D+I,objection_handling,engine_sound_lack,NA,NA,"Brakuje mi ryku silnika spalinowego.","Czy elektryk może być tak samo emocjonujący?","sensory_experience;emotional_connection",NA,"Choć Tesla nie ma dźwięku silnika spalinowego, oferuje zupełnie nowy rodzaj emocji – natychmiastową, cichą moc.","Poczucie wciskania w fotel przy każdym przyspieszeniu i precyzja prowadzenia dostarczają unikalnych wrażeń, które uzależniają.","Wielu entuzjastów docenia ciszę, która pozwala skupić się na drodze i czystej dynamice jazdy, bez rozpraszającego hałasu.",NA,NA,"NA","Jakie konkretne wrażenia z jazdy są dla Pana/Pani najważniejsze?",NA,skeptical,mid,raise,1.6,NA,PL,NA,doświadczenie sprzedażowe
9,Performance Enthusiast,D+I,trigger_response,track_performance,NA,NA,NA,NA,"performance_metrics;track_capability",NA,"NA","Tesla Model 3 Performance czy Model S Plaid to samochody, które udowodniły swoje możliwości na torze, bijąc rekordy.","NA","video_Tesla_track_record",NA,"NA",NA,NA,excited,mid,raise,1.5,NA,PL,NA,dane Tesla Global
9,Performance Enthusiast,D+I,follow_up,performance_data,NA,NA,NA,NA,NA,NA,NA,NA,NA,NA,NA,NA,NA,"Szczegółowe dane o osiągach, zaproszenie na jazdę testową z naciskiem na przyspieszenie, artykuły o trybie Track.",excited,late,neutral,0.9,NA,PL,NA,doświadczenie sprzedażowe
9,Performance Enthusiast,D+I,closing,ultimate_drive,NA,NA,NA,NA,NA,NA,NA,NA,NA,NA,NA,NA,NA,NA,excited,late,raise,1.9,"Czy są Państwo gotowi na najbardziej ekscytujące i innowacyjne doświadczenie z jazdy w swoim życiu?",PL,NA,doświadczenie sprzedażowe
10,Business Optimizer,C+D,opening,fleet_efficiency,Optymalizacja floty, obniżenie kosztów, wizerunek firmy, efektywność operacyjna.,Wysokie koszty floty, nieefektywność, problemy z serwisem.,NA,NA,NA,"Jako osoba odpowiedzialna za optymalizację biznesu, szuka Pan/Pani rozwiązania, które obniży koszty i wzmocni wizerunek firmy?",NA,NA,NA,NA,NA,NA,NA,NA,calculative,early,raise,1.7,NA,PL,NA,doświadczenie sprzedażowe
10,Business Optimizer,C+D,feature_argument,fleet_tco,Znaczące obniżenie TCO floty, przewidywalność kosztów.,Nieprzewidziane koszty, wysokie wydatki na paliwo i serwis.,NA,NA,NA,NA,"Tesla oferuje najniższe TCO w segmencie premium, dzięki niskim kosztom energii i minimalnemu serwisowi.","Brak konieczności wymiany oleju, filtrów czy świec, a także niższe koszty ubezpieczenia i dotacje 'Mój Elektryk' znacząco obniżają wydatki.","Długoterminowe oszczędności na paliwie i serwisie, w połączeniu z wysoką wartością rezydualną, czynią Teslę inteligentną inwestycją dla firmy.","raport_TCO_fleet_PL","Oszczędzasz ~2000-3000 PLN/mies. na auto we flocie.",NA,NA,NA,calculative,mid,raise,1.9,NA,PL,NA,analiza rynku PL, program Mój Elektryk
10,Business Optimizer,C+D,objection_handling,charging_infrastructure_fleet,NA,NA,"Jak zorganizować ładowanie dla całej floty?","Czy infrastruktura ładowania jest wystarczająca dla firmy?","charging_infrastructure;fleet_management",NA,"Tesla oferuje rozwiązania do ładowania flotowego, w tym stacje Wall Connector, które można zainstalować w siedzibie firmy.","Dodatkowo, rozwijająca się sieć Superchargerów i publicznych ładowarek w Polsce zapewnia elastyczność dla pracowników w trasie.","Możemy pomóc w zaplanowaniu i wdrożeniu optymalnej infrastruktury ładowania, dostosowanej do potrzeb Państwa floty i harmonogramów pracy.",NA,NA,"NA","Ile pojazdów liczy Państwa flota i jaki jest ich typowy dzienny przebieg?",NA,skeptical,mid,raise,1.6,NA,PL,NA,doświadczenie sprzedażowe
10,Business Optimizer,C+D,trigger_response,corporate_image,NA,NA,NA,NA,"sustainability_image;modern_brand",NA,"NA","Włączenie Tesli do floty to silny sygnał o innowacyjności i zaangażowaniu firmy w zrównoważony rozwój, co buduje pozytywny wizerunek.","NA","case_study_firmy_z_Tesla_PL",NA,"NA",NA,NA,status-seeking,mid,raise,1.4,NA,PL,NA,doświadczenie sprzedażowe
10,Business Optimizer,C+D,follow_up,fleet_proposal,NA,NA,NA,NA,NA,NA,NA,NA,NA,NA,NA,NA,NA,"Spersonalizowana oferta dla floty, analiza TCO dla Państwa firmy, informacje o ulgach podatkowych dla EV.",calculative,late,neutral,0.9,NA,PL,NA,doświadczenie sprzedażowe
10,Business Optimizer,C+D,closing,strategic_advantage,NA,NA,NA,NA,NA,NA,NA,NA,NA,NA,NA,NA,NA,NA,calculative,late,raise,1.9,"Czy są Państwo gotowi na strategiczną przewagę, jaką Tesla może dać Państwa biznesowi?",PL,NA,doświadczenie sprzedażowe
11,Eco-Economist,C+S,opening,eco_savings,Długoterminowe oszczędności, ekologia, bezpieczeństwo, rozsądne inwestycje.,Wysokie rachunki za prąd, awarie, brak wsparcia.,NA,NA,NA,"Szuka Pan/Pani samochodu, który jest zarówno ekologiczny, bezpieczny, jak i zapewnia realne oszczędności w dłuższej perspektywie?",NA,NA,NA,NA,NA,NA,NA,NA,curious,early,raise,1.5,NA,PL,NA,doświadczenie sprzedażowe
11,Eco-Economist,C+S,feature_argument,long_term_savings,Maksymalizacja oszczędności na przestrzeni lat, minimalny wpływ na środowisko.,Wysokie koszty utrzymania, brak ekologicznych alternatyw.,NA,NA,NA,NA,"Tesla to inwestycja, która zwraca się w czasie, oferując znacznie niższe koszty eksploatacji niż auta spalinowe.","Dzięki długiej żywotności baterii i minimalnym wymaganiom serwisowym, koszty utrzymania Tesli są przewidywalne i niskie.","Oszczędności na paliwie (prąd jest tańszy niż benzyna/diesel) oraz brak opłat za parkowanie w wielu miastach PL to realne korzyści dla budżetu.",raport_TCO_PL_EV,"Oszczędzasz ~1500-2000 PLN/mies. na paliwie.",NA,NA,NA,calculative,mid,raise,1.8,NA,PL,NA,analiza rynku PL
11,Eco-Economist,C+S,objection_handling,battery_life,NA,NA,"Jak długo wytrzyma bateria w Tesli?","Czy wymiana baterii nie będzie bardzo droga?","battery_degradation;replacement_cost",NA,"Baterie Tesli są zaprojektowane na długie lata użytkowania i objęte są długą gwarancją (8 lat lub 160-240 tys. km).","Degradacja baterii jest minimalna, a technologia zarządzania energią zapewnia jej optymalną kondycję przez cały okres eksploatacji.","Wymiana baterii jest rzadkością, a jej koszt jest rekompensowany przez oszczęd
```